id;name;address;phone_no;job;username
1;calculate networks;Account modular Concrete;45464;deposit;leading-edge
2;interfaces override;Small Indiana Sleek;71649;payment backing Berkshire;indigo Car
3;connecting National;Granite;94809;Granite Wooden;Concrete
4;Directives payment frictionless;calculate Decentralized Uzbekistan;72993;Devolved rich;Kiribati Group
5;Movies;Cambridgeshire Automated;3244;Uruguayo;Bacon Officer
6;Table;Shoes Concrete 1080p;49016;users;Home
7;National;24/7;40375;Baby;Loan
8;upward-trending;Soft Steel Awesome;39718;Pataca;invoice
9;Cheese;incentivize;55576;Dollar Baby;Upgradable Unbranded
10;SMS SMTP customized;Unbranded;2811;invoice Philippine;Computer Games bottom-line
